,RDN58.seq,T1 doc,T1 reads,C1doc,C1 reads,T2 doc,T2 reads,C2 doc,C2 reads,T3 doc,T3 reads,C3 doc,C3 reads
1,A,71,1564,356,8401,35,285,216,1882,100,1263,174,4392
2,A,48,1612,122,8523,41,326,101,1983,76,1339,58,4450
3,A,16,1628,53,8576,6,332,19,2002,13,1352,35,4485
4,C,38,1666,183,8759,23,355,66,2068,41,1393,132,4617
5,T,42,1708,261,9020,32,387,65,2133,76,1469,146,4763
6,T,171,1879,490,9510,148,535,314,2447,243,1712,284,5047
7,T,9,1888,43,9553,9,544,6,2453,36,1748,40,5087
8,C,44,1932,182,9735,27,571,58,2511,211,1959,145,5232
9,A,531,2463,1228,10963,499,1070,932,3443,920,2879,903,6135
10,A,30,2493,143,11106,21,1091,52,3495,327,3206,106,6241
11,C,21,2514,91,11197,11,1102,29,3524,78,3284,84,6325
12,A,112,2626,255,11452,97,1199,205,3729,231,3515,125,6450
13,A,5,2631,27,11479,4,1203,8,3737,6,3521,24,6474
14,C,5,2636,27,11506,3,1206,10,3747,10,3531,35,6509
15,G,8,2644,9,11515,0,1206,2,3749,3,3534,14,6523
16,G,39,2683,164,11679,48,1254,80,3829,114,3648,91,6614
17,A,8,2691,47,11726,12,1266,2,3831,21,3669,27,6641
18,T,19,2710,128,11854,4,1270,1,3832,47,3716,56,6697
19,C,8,2718,39,11893,2,1272,6,3838,32,3748,48,6745
20,T,8,2726,27,11920,4,1276,8,3846,31,3779,34,6779
21,C,1,2727,42,11962,2,1278,10,3856,6,3785,21,6800
22,T,20,2747,80,12042,5,1283,5,3861,40,3825,89,6889
23,T,64,2811,236,12278,8,1291,4,3865,115,3940,197,7086
24,G,8,2819,24,12302,3,1294,5,3870,7,3947,18,7104
25,G,19,2838,112,12414,2,1296,7,3877,28,3975,84,7188
26,T,2,2840,15,12429,0,1296,0,3877,18,3993,16,7204
27,T,2,2842,9,12438,1,1297,0,3877,5,3998,21,7225
28,C,4,2846,21,12459,1,1298,2,3879,11,4009,12,7237
29,T,4,2850,6,12465,0,1298,0,3879,3,4012,13,7250
30,C,9,2859,49,12514,1,1298,8,3887,30,4042,51,7296
31,G,2,2861,5,12519,0,1297,2,3889,21,4063,15,7311
32,C,14,2867,51,12562,6,1297,15,3898,271,4325,37,7335
33,A,42,2896,86,12633,14,1297,17,3907,85,4390,85,7406
34,T,1,2882,7,12550,2,1261,6,3887,4,4340,11,7331
35,C,5,2803,12,12221,1,1120,3,3718,8,4170,20,7042
36,G,60,2820,160,12274,33,1111,95,3759,101,4128,119,7032
37,A,19,2831,38,12277,4,1093,8,3749,29,4130,60,7052
38,T,16,2833,34,12299,0,1081,8,3736,10,4124,50,7088
39,G,67,2894,158,12434,32,1105,64,3790,104,4219,140,7219
40,A,87,2939,315,12581,23,1071,53,3780,148,4215,275,7361
41,A,7,2941,38,12584,1,1055,17,3769,17,4208,16,7346
42,G,33,2974,76,12659,4,1056,18,3787,44,4249,76,7418
43,A,190,3163,91,12746,98,1154,58,3839,368,4615,100,7514
44,A,15,3174,19,12765,5,1155,3,3825,16,4631,17,7527
45,C,28,3200,61,12823,4,1157,15,3823,71,4691,66,7589
46,G,9,3206,27,12827,11,1167,10,3819,231,4909,35,7621
47,C,6,3179,35,12663,2,1129,2,3686,77,4904,39,7580
48,A,41,3184,179,12738,10,1107,33,3625,62,4869,135,7657
49,G,25,3166,104,12744,4,1061,9,3553,69,4803,128,7719
50,C,112,3043,174,12240,15,829,63,2977,125,4616,241,7576
51,G,74,3008,116,11962,18,760,49,2753,119,4502,145,7499
52,A,70,3057,103,11965,32,761,20,2683,129,4544,124,7546
53,A,1057,4101,148,12074,528,1273,79,2717,1775,6291,177,7680
54,A,58,4148,25,12082,17,1282,4,2713,146,6416,65,7735
55,T,15,4163,45,12124,2,1282,5,2713,25,6436,58,7790
56,G,10,4171,26,12142,3,1283,10,2722,26,6460,63,7848
57,C,34,4200,44,12180,9,1290,7,2708,57,6510,50,7882
58,G,39,4239,57,12214,7,1296,36,2738,87,6582,50,7926
59,A,36,4243,52,12196,15,1291,2,2715,162,6680,31,7909
60,T,223,4451,153,12316,40,1323,108,2803,1560,8206,171,8043
61,A,10,4458,23,12329,3,1323,10,2811,76,8279,37,8077
62,C,15,4464,15,12319,6,1326,16,2821,56,8311,34,8094
63,G,99,4560,125,12439,26,1352,94,2914,1069,9375,187,8279
64,T,88,4647,177,12610,21,1372,41,2954,365,9732,202,8474
65,A,279,4922,192,12795,196,1567,263,3217,501,10223,181,8646
66,A,33,4953,81,12870,18,1584,35,3250,76,10298,88,8732
67,T,34,4986,74,12942,23,1607,70,3319,93,10387,104,8832
68,G,21,5007,15,12951,6,1613,29,3347,39,10417,55,8873
69,T,98,5105,115,13065,38,1651,130,3475,152,10569,172,9043
70,G,38,5143,61,13122,23,1674,73,3547,88,10649,98,9138
71,A,2800,7943,233,13355,590,2264,395,3940,3426,14072,309,9446
72,A,221,8161,99,13449,47,2311,71,4008,362,14412,82,9514
73,T,35,8195,73,13508,8,2317,56,4051,57,14460,47,9551
74,T,44,8239,81,13589,20,2337,63,4114,64,14521,37,9586
75,G,18,8255,41,13626,10,2347,16,4127,148,14665,37,9616
76,C,27,8245,28,13549,16,2351,16,4097,141,14715,40,9556
77,A,69,8307,88,13600,55,2400,97,4183,152,14845,121,9649
78,G,100,8397,177,13743,73,2462,138,4304,165,14959,158,9770
79,A,511,8884,446,14107,368,2817,572,4847,753,15654,276,9996
80,A,95,8922,119,14111,50,2839,115,4940,135,15652,81,9965
81,T,54,8970,124,14227,36,2873,102,5038,98,15734,82,10034
82,T,221,9191,176,14403,167,3040,240,5278,281,16011,111,10143
83,C,34,9224,99,14500,30,3070,51,5329,62,16070,59,10202
84,C,25,9249,123,14616,40,3110,83,5409,95,16159,51,10249
85,G,8,9246,44,14647,13,3111,23,5420,20,16142,42,10275
86,T,14,9253,53,14689,17,3126,50,5464,27,16156,52,10309
87,G,4,9168,27,14541,4,3092,16,5418,8,15981,52,10244
88,A,97,9222,82,14547,74,3146,73,5463,150,16004,76,10264
89,A,111,9284,121,14596,79,3190,82,5497,175,16021,198,10398
90,T,3,9247,11,14591,5,3186,6,5491,10,15916,18,10410
91,C,20,9253,21,14599,9,3190,16,5506,71,15963,22,10427
92,A,37,9266,53,14617,38,3214,33,5525,67,15941,112,10527
93,T,7,9251,7,14613,1,3197,0,5516,3,15870,5,10513
94,C,3,9080,17,14443,1,3088,3,5474,6,15401,15,10361
95,G,0,8719,12,14088,0,2847,1,5318,4,14303,17,10157
96,A,60,8707,33,14052,19,2818,32,5323,80,13952,53,10154
97,A,68,8705,58,14072,19,2814,5,5308,110,13731,114,10223
98,T,30,8710,23,14077,1,2806,2,5300,53,13667,21,10231
99,C,70,8714,14,14038,7,2783,5,5289,63,13399,43,10243
100,T,13,8714,43,14058,3,2779,11,5297,24,13223,38,10263
101,T,8,8709,10,14048,1,2777,2,5290,6,13099,26,10277
102,T,1,8709,4,14044,0,2777,0,5288,2,13089,8,10278
103,G,16,8724,26,14067,4,2781,12,5296,25,13106,64,10340
104,A,43,8763,31,14083,7,2788,29,5313,104,13201,54,10388
105,A,10,8767,37,14117,3,2791,33,5339,29,13222,45,10427
106,C,8,8765,23,14115,11,2799,57,5387,32,13195,26,10435
107,G,11,8765,35,14101,3,2796,19,5393,63,13184,38,10439
108,C,119,8733,280,14030,84,2832,246,5561,2575,15388,182,10328
109,A,18,8328,53,13802,8,2775,27,5499,221,14551,32,10056
110,C,283,6645,238,7424,109,2463,256,4546,1842,14118,197,7105
111,A,15,4354,83,5604,5,2165,36,4311,70,11111,63,5576
112,T,6,3558,40,5037,0,2059,12,4156,16,9872,31,5037
113,T,10,3548,101,5127,6,2064,18,4173,17,9833,33,5040
114,G,0,3543,4,5130,0,2064,2,4174,1,9824,3,5039
115,C,1,3543,26,5155,1,2063,4,4177,1,9820,7,5044
116,G,1,3544,4,5158,1,2064,0,4177,2,9817,17,5058
117,C,2,3543,6,5154,0,2058,2,4155,1,9812,5,5060
118,C,3,3525,24,5144,1,2038,15,4139,7,9791,12,5057
119,C,3,3296,55,4884,4,1824,38,3800,9,9382,55,4875
120,C,2,2835,19,4281,2,1369,21,2943,2,8611,12,4389
121,T,0,2242,9,3321,1,741,2,1850,1,7593,3,3719
122,T,0,2074,2,3066,1,580,0,1579,2,7334,16,3545
123,G,2,2070,1,3061,4,571,2,1567,6,7319,2,3528
124,G,14,2075,55,3099,13,573,18,1551,40,7344,37,3556
125,T,40,2105,160,3233,86,653,62,1607,150,7474,185,3726
126,A,11,2114,50,3275,17,662,6,1608,35,7498,64,3787
127,T,35,2148,25,3299,21,682,12,1619,33,7529,73,3858
128,T,3,2151,9,3304,4,686,5,1624,10,7536,8,3865
129,C,0,2151,0,3302,2,688,0,1624,1,7536,11,3873
130,C,0,2151,0,3302,0,688,0,1624,0,7536,6,3879
131,A,0,2150,0,3302,0,688,0,1624,0,7532,2,3881
132,G,0,2150,0,3301,0,688,0,1624,0,7532,0,3879
133,G,0,2150,0,3290,0,688,0,1619,0,7531,0,3877
134,G,0,2149,0,3287,0,688,0,1618,0,7529,0,3873
135,G,0,2147,0,3287,0,688,0,1618,0,7529,0,3869
136,G,0,2147,0,3287,0,687,0,1618,0,7529,0,3869
137,C,0,2146,0,3286,0,686,0,1615,0,7529,0,3865
138,A,0,2141,0,3277,0,686,0,1615,0,7524,0,3863
139,T,0,2141,0,3274,0,686,0,1614,0,7521,0,3862
140,G,0,2137,0,3240,0,686,0,1614,0,7507,0,3845
141,C,0,2137,0,3238,0,686,0,1614,0,7504,0,3845
142,C,0,2137,0,3231,0,686,0,1614,0,7503,0,3843
143,T,0,2136,0,3228,0,686,0,1614,0,7500,0,3842
144,G,0,2134,0,3223,0,685,0,1612,0,7494,0,3838
145,T,0,2129,0,3218,0,684,0,1601,0,7466,0,3835
146,T,0,2125,0,3203,0,678,0,1568,0,7386,0,3814
147,T,0,2123,0,3199,0,678,0,1561,0,7383,0,3810
148,G,0,2120,0,3196,0,673,0,1547,0,7359,0,3808
149,A,0,2119,0,3194,0,672,0,1541,0,7355,0,3808
150,G,0,2116,0,3178,0,671,0,1533,0,7285,0,3802
151,C,0,2069,0,3115,0,655,0,1483,0,6731,0,3742
152,G,0,1965,0,3016,0,614,0,1401,0,6128,0,3608
153,T,0,1730,0,2780,0,547,0,1278,0,5296,0,3368
154,C,0,962,0,1458,0,263,0,625,0,3441,0,1802
155,A,0,276,0,607,0,59,0,187,0,1041,0,622
156,T,0,106,0,398,0,6,0,20,0,339,0,313
157,T,0,89,0,324,0,0,0,0,0,180,0,261
158,T,0,0,0,0,0,0,0,0,0,0,0,0