"","RDN18.wt1","RDN18.wt2","RDN18.wt3"
"1",0.0306067670524769,0,0.365403360169851
"2",0.0442537095260655,0.0241150071114311,0.0708214441379456
"3",0.0317428353719739,0,0.0918955259531002
"4",0.00816179780550113,0.082549739390971,0
"5",0.0413231008455068,0.0111469066651501,0
"6",0,0.0353409762486458,0.0219609822197572
"7",0,0.0129737714901866,0
"8",0,0.130540482556676,0.0819084724839883
"9",0.123509287304914,0.0722587619568482,0.0505519204732018
"10",0.20996567151997,0.196818335188005,0.0867800388909742
"11",0.759670218710792,0.487132099840339,0.334536123833594
"12",0,0.0698325813246738,0.109680912837307
"13",0.152457589312404,0.0257674830538093,0.0391747316030727
"14",0.0372795639737257,0,0.0429702197179711
"15",0,0.0316404769330743,0.0322558439843837
"16",0.00992475946300611,0.0138530115545229,0.069470382909096
"17",0.0268845947695693,0,0.424828131148024
"18",0,0.0550062397204331,0.685662338883754
"19",0.016124727602182,0.0255079668278639,0.123465771913327
"20",0.0124430968485422,0.0907099342241762,3.21076462374751
"21",0,0.00366999020464855,0.277671193444528
"22",0.0830473972702565,0.0675956209664803,0.083432603520499
"23",0.480134342686345,0.206699811899085,0.499453003133883
"24",0.0427384483032471,0.0939210767456384,0.354950883761445
"25",2.20704686280234,2.54395240185461,4.85341207767167
"26",0.16553692414903,0.222581847083795,0.421193362172512
"27",0.183858192937869,0.181675266293305,0.445210867283661
"28",0,0,0
"29",0,0.0284192173914776,0
"30",0.0478092465648322,0.0163552824072382,0.00719552748914691
"31",0.0238410294868699,0.0445331976295473,0.0193092098869882
"32",0.0027640595181909,0,0
"33",0,0.0186385673600598,0
"34",0.059142065154964,0,0.0267485060794064
"35",0,0.00428869808916709,0.0144688209047099
"36",0.191307341079486,0.0574973436342848,0.568842676285933
"37",0.0283188878371752,0.104125672100826,1.15776012556076
"38",0,0.0104837994087269,0.164195559762258
"39",0.513604240301708,0.485641148202554,0.270643531881386
"40",0.303688319923552,0.615000138975193,0.395935825478144
"41",0.0555643751542304,0.102905406280679,0.150222504694012
"42",0.807035073878746,1.00243315605326,0.581775549869635
"43",0.401469791771611,0.194397176492429,0.239645756066905
"44",0.0322698486096965,0.0223282647733211,0.167899856980412
"45",0.0726821888035928,0.0403464556772616,0.118241411714296
"46",0.0848649115522422,0.0973857478009954,0.060955570218367
"47",0.0538582835097974,0.0534547880010902,0.000900973150358715
"48",0.267581806470402,0.178500039161757,0.318442062263715
"49",0.104576931514563,0.00218728720389934,2.34641708757855
"50",0.198380946723697,0.137230750276106,0.686619294492882
"51",0.159512206702654,0.147514202887718,0.0898777172391258
"52",0.474123153670871,0.508498833439807,0.308607023360349
"53",0.0839886002547868,0.0617975992973436,0.7041389934156
"54",0.479087105406345,0.821224146345519,6.22753455553057
"55",0,0.0993115556572001,0
"56",0.0981618173707994,0.0262877824026271,0
"57",0.1459297249143,0.119771680084585,0
"58",0.186167693964655,0.169727429395805,0.12467320314095
"59",0.191514386819329,0.100424018862758,0.338949599436756
"60",0.813828381582322,0.560761224686649,2.00143928992834
"61",0.343189279827449,0.493173526484222,0.0648036090262356
"62",0.133907233816151,0.210983398819729,0
"63",0.245957489003434,0.146037962500242,0.175363768481996
"64",0.275853223356077,0.239691653891371,1.02846226558176
"65",1.99637780017535,3.10059965249667,0.918741959397087
"66",0,0.14280806087866,0
"67",2.48172460613994,2.99515893582579,1.06691248580046
"68",0.0455629338919476,0.0694760540198092,0
"69",0,0.0224827639761107,0.0220119863297226
"70",0,0.0791407580109271,0.0879409856504732
"71",4.18092639769865,3.7476069909542,1.67428887251235
"72",0.270174573423346,0.361086419086276,0.105677501803845
"73",0,0.0379070302895614,0
"74",0,0.0760784342064929,0
"75",0.0350298593642367,0.0480030172664606,0
"76",0.324204043226087,0.449647370371967,0.148101055251984
"77",0.103870696655836,0.0722220929514558,0.0632401027662504
"78",0.038702244554268,0.0136239669900769,0.0602535715236438
"79",0,0.0591113330975195,0
"80",0.85091551168038,1.1036398289912,0.204914672069312
"81",0,0,0
"82",0,0,0
"83",0,0,0
"84",0.773595923250458,0.789907101079897,0.371325030505363
"85",0.397272429261237,0.366713934267086,0.0113532648465933
"86",0.0094671660068483,0,0
"87",0,0,0
"88",0,0,0
"89",0,0,0
"90",0,0,0
"91",0,0,0
"92",0.999397905229831,0.682990282099885,0.524660181200143
"93",0.00747669190239887,0.0215346111648814,0
"94",0,0,0
"95",0,0,0
"96",0,0.00686198165867717,0
"97",0,0,0
"98",0,0.0017406206288757,0
"99",0.457773924439846,0.0248560764279999,0.804727095918203
"100",0,0.185334243742067,0.0619313914712222
"101",0,0.0222627950888937,0.547451072695833
"102",0.147934194018671,0.0224578850512442,0.140537175742781
"103",0.370564390599499,0.300765982392078,0.203015467188367
"104",1.50305455008602,0.954268902466626,0.780695081977534
"105",0.11977331275929,0.115732752609631,0.0311484392211776
"106",0.0144988431217322,0,0.00435224822385225
"107",0.00435525197225158,0.00627987895019411,0.0789410440270372
"108",0,0.0468600740806226,0
"109",0.0628382280248496,0.0137679857695493,0
"110",0,0.0094459353121952,0
"111",0,0,0.0379551942470319
"112",0.256469367456383,0.283739580663491,0.0249703570423656
"113",0,0,0
"114",0,0,0
"115",0,0,0
"116",0,0,0
"117",0,0,0
"118",0,0,0.0738371515922418
"119",0,0.0446746146929987,0
"120",0,0,0
"121",0,0,0
"122",0,0,0
"123",0,0,0
"124",0.232379455864961,0.611822112966709,0
"125",0,0,0
"126",0,0.0375637035325808,0
"127",0,0.00436675130392055,0
"128",0,0,0
"129",0.374738409072015,0.378823313213997,0.140488690335649
"130",0.114474086475957,0.0781769051342815,0
"131",0.0806364397062496,0.172791855866666,0
"132",0.00285530747677088,0.115067247027085,0
"133",0,0.104979893355485,0
"134",2.79827563358429,2.08864469049766,0.744263150425985
"135",0.867074384486681,0.690739872719091,0.178307951685038
"136",1.76332644957463,1.48652256118389,0.576632002495038
"137",1.75189819194558,0.142511289241718,1.3324533211081
"138",0.0407637159739138,0.143594114302639,0.62004284898899
"139",1.00103004766909,0.413577133001872,0.493204705070504
"140",0,0.0358491013478052,0
"141",0,0,0
"142",0,0,0
"143",0,0,0
"144",1.63438760544393,0,1.60999584027791
"145",0.252985811669046,0.217818883722127,0.178430027202587
"146",0,0,0
"147",1.86291168232399,1.20839310355894,0.755133062342491
"148",0.124644968090047,0.281520596085399,0
"149",0,0,0
"150",0,0,0
"151",0,0,0
"152",0,0,0
"153",0,0.00185637027487607,0
"154",0,0.0566844582832622,1.44165204414186
"155",0,0.0650927692634652,0.387753744970852
"156",0.115851785652359,0.404640381492563,0.316901575350078
"157",0,0.126710579335143,0
"158",0,0.0173658338551206,0
"159",0,0.024414838229466,0
"160",0,0.0161853620338491,0
"161",0,0.0128076988484046,0
"162",0,0.00206927723679687,0
"163",0,0.0116514015652117,0
"164",0,0.00265938014718999,0
"165",0,0.00237878678977385,0
"166",0,0.00358627315191448,0
"167",0,0,0
"168",0.0312407526268437,0.0186830059742913,0.0173887918716039
"169",0.00945746541327198,0.0148672790844537,0.0128646151768847
"170",0.0457482120622437,0,0.119883250137486
"171",0,0.00173012794416689,0.0510835134695336
"172",0.0139543616277302,0,0.187230929269457
"173",0.0117661441978652,0.00978672324470331,0.0107345918500374
"174",0,0,0
"175",0,0.00646946623004524,0
"176",0.0656279121039957,0,0.127887379341866
"177",0.0228761671984751,0,0.163627934295306
"178",0.0419019661002343,0.0372645714783448,0.0769444150337196
"179",0.2676853603441,0.110858504543292,0.247591211255345
"180",0.0896730357767106,0.0789368434788998,0.123614272948656
"181",0.540365786348221,0.598707454084654,0.727856932036691
"182",0,0.0217570106632453,0
"183",0,0.00195345987823602,0
"184",0,0,0
"185",0,0.00064616942132001,0
"186",0.000573995166999155,8.15670158481365e-06,0
"187",0.0140424020473151,0,0
"188",0.0131181110253897,0.00894169345461944,0.0100577525108714
"189",0,0.000670113002587013,0
"190",0,0,0.00959616510345361
"191",0,0,0.00408502189482983
"192",0,0,0
"193",0,0,0
"194",0,0,0
"195",0,0.000273745341497682,0
"196",0,0,0.0235410082547211
"197",0,0.267061030987117,0
"198",0.427293006510886,0.751687669005399,0.426929350221082
"199",0,0,0
"200",0,0,0
"201",0,0,0
"202",0,0,0
"203",0,0,0
"204",0,0,0
"205",0,0,2.21195379229409
"206",0,0,0
"207",0,0,0
"208",0,0,0
"209",0,0,0.466466727208756
"210",0.0366188447514442,0.0622978523790837,0.0177909438592337
"211",0,0,0
"212",0,0,0
"213",0,0,0
"214",0,0,0.419912912386919
"215",1.13272389078598,1.90949110368503,0.910346103255389
"216",0,0.20201822257048,0
"217",0.0413629188356586,0.0497423880936614,0
"218",0,0.0197124204512019,0
"219",0,0,0
"220",0,0.0173888569584636,0
"221",0.372302845514446,0.468669423080252,0.108418210084226
"222",0.0749533884527469,0.130858197313196,0
"223",0,0,0.478951296728196
"224",0,0,0
"225",0.164251990495863,0.0627467101634215,0
"226",0,0.00925015598635577,0
"227",0,0,0
"228",0,0,0
"229",0,0,0
"230",0,0,0
"231",0,0,0
"232",0,0.0624070071075959,0
"233",0,0,0
"234",0,0,0
"235",0,0,0
"236",0,0.0258709695924792,0
"237",0,0.414940624676443,0
"238",0,0,0
"239",0,0,0
"240",0,0,0
"241",0,0,0
"242",0,0,0
"243",0.00874007635045665,0,0
"244",0,0.111908090950753,0
"245",0,0,0
"246",0,0,0
"247",0,0,0
"248",0,0,0
"249",0,0,0
"250",0,0,3.27193104145866
"251",1.7753839115491,2.90297177689215,0.476415482887103
"252",0,0,0
"253",0.840030056591962,1.14734912867933,0
"254",0.0356418048362173,0.106066130641286,0.00304563810716579
"255",0,0,0
"256",0.173118255393013,0.386918998781632,0
"257",0,0,0
"258",0,0,0
"259",0,0,0
"260",0,0,0
"261",0,0,0
"262",0,0,0
"263",0,0,0
"264",0,0,0
"265",0.546706028516863,0.444346945785835,0.0699732003427132
"266",0.772360773569951,0.765672417944772,0.400523799747494
"267",0.101506599389418,0.143093015477258,0
"268",0,0,0
"269",0,0,0.0578083635204333
"270",0.0721641720087551,0,1.19636842782961
"271",0,0.0177807598630988,0
"272",0,0,0
"273",0,0,0
"274",0.0170231093794107,0,0.0113360808656598
"275",0,0,0
"276",0,0,0.0165306524118394
"277",0,0.0100600886666552,0
"278",0,0,0
"279",0,0,0
"280",0,0,0
"281",0.0594875597040391,0.0314056105327969,0.0231807957500929
"282",0,0,0
"283",0,0,0
"284",0,0,0
"285",0,0,0
"286",0,0,0
"287",0,0,0
"288",0,0,0
"289",0,0,0
"290",0,0,0
"291",0,0,0
"292",0.0480617497221083,0,0.0362325471128814
"293",0,0,0.499529026755307
"294",0,0,0.589924275169637
"295",0,0.0631750379095997,0
"296",0.0997467093883802,0,0
"297",0,0,0.863572715504848
"298",0,0,0.125751746639806
"299",0,0,0
"300",0.496169952396272,0,0.188189663233784
"301",0,0.0222459073585863,0
"302",0,0,0
"303",0,0,0
"304",0,0.00795378334806556,0
"305",0,0,0
"306",0,0,0
"307",0.0658913260369673,0.112129550925627,0
"308",0,0.0351129070881802,0
"309",0,0.00261988822095987,0
"310",0,0.0227588706301538,0.0751810102027683
"311",0.876362281763514,0.151892050964914,3.76438141723234
"312",3.16217597912038,2.47461476816572,1.27030394901486
"313",0,0.1862944100757,1.21171722482159
"314",0,0.0471145132835729,0.794311761270408
"315",1.27358366843202,0.640766420769397,0
"316",0,0.115853002740304,0
"317",0,0.0248026962669622,0
"318",0,0,0
"319",0,0.115251611788962,0
"320",0,0.0518953617375095,0.0222698548298796
"321",0,0.00751837830102803,0
"322",0,0,0
"323",0,0.0101472574929289,0
"324",0,0,0
"325",0,0,0
"326",0,0,0
"327",0,0,0.0509881267265001
"328",0,0,0
"329",0,0,0
"330",0,0,0
"331",0,0.052016122035605,0
"332",0,0,0
"333",0,0.000428086926095355,0
"334",0,0,0
"335",0,0,0
"336",0,0,0
"337",0,0,0
"338",0,0.000484077694724815,0
"339",0,0,0
"340",0,0,0.0797945666396793
"341",0,0.0188904615868421,0
"342",0,0,0.0403657339855238
"343",0,0.00243832778551802,0.00255443516225066
"344",0,0,0
"345",0,0,0
"346",0,0,0
"347",0,0,0
"348",0,0,0
"349",0.0302234967732346,0,0
"350",0,0,0.156430013216539
"351",0,0.0037435661591412,0.169916226240957
"352",5.65329472727991,5.04602084169551,4.06860194740976
"353",0.037719622250283,0.0394085468275436,0.0197708047480606
"354",0,0,0
"355",0,0,0
"356",0,0,0
"357",0,0,0.0118123784844138
"358",0,0,0.0476494169115973
"359",2.05067798551941,1.44071299456382,1.45650064294994
"360",0,0.00242017166814939,0
"361",0,0,0
"362",0,0,0
"363",0,0,0
"364",0,0,0
"365",0,0,0
"366",0.751756240069084,0,0.232270136658556
"367",0,0,0
"368",0,0,0
"369",0,0.571331664901267,0
"370",0,0.0557231939518393,0
"371",0,0,0
"372",0,0,0
"373",0,0,0
"374",0,0,0
"375",0,0,0
"376",0,0,0
"377",0,0,0
"378",0,0.000576557988637663,0
"379",0,0,0
"380",0,0.0127842001539674,0.190314027908814
"381",0,0,0.134844087330172
"382",0,0.00222071364952721,0
"383",0,0.0194046659266195,0
"384",0,0.076000972773225,0
"385",0,0.231390613952407,0
"386",0.237026267668507,0.90052544868162,0.326505304335208
"387",0,0,0
"388",0,0,0
"389",0,0,0
"390",0,0,0
"391",0,0,0
"392",0,0,0
"393",0,0,0
"394",0,0,0
"395",0,0,0
"396",0,0,0
"397",0,0,0
"398",0,0,0
"399",0,0.0113621368565173,0
"400",0,0,0
"401",0,0,0
"402",0,0,0
"403",0,0.00910173308534768,0
"404",0,0.00186688343687879,0
"405",0,0.00311908882398631,0
"406",0.0580817960914727,0.128035475970342,0.0382334130503594
"407",0.00164761857179076,0.00359330674517375,0
"408",0,0.00412066857049707,0.000954126651986679
"409",0.014268883836239,0,0.0988129601027624
"410",0.0010906152457396,0,0.00409183589652262
"411",0,0,0.0283559484527844
"412",0.40198529198286,0.401731793261013,0.301787456131326
"413",0,0,0
"414",0,0.00320596120906907,0
"415",0,0,0.0243978788697831
"416",0.510840795281239,0.403266339621489,0.415812086299002
"417",0.181555411098594,0.157626578836815,0.0869367287122307
"418",0,0,0
"419",0,0,0
"420",0,0,0
"421",0,0.00791477328619344,0
"422",0,0,0
"423",0,0,0
"424",0,0,0.0565431731249328
"425",0.00723104756881431,0,0
"426",0,0.00488875292616083,0.193328272071804
"427",0,0,0.0519712204478102
"428",0,0.00409164122403328,0
"429",0,0,0
"430",0,0,0
"431",0,0,0
"432",0,0,0
"433",0,0,0
"434",0.000265507110695403,0,0.217939361480666
"435",0,0,1.12409296423765
"436",0.047938569479813,0,0
"437",0.583301323736862,0.368005832423315,0.403384838988159
"438",0.103605325934146,0.122743458907659,0.127330844833658
"439",0,0,0
"440",0,0,0
"441",0,0,0
"442",0,0,0
"443",0,0,0.0724875864274246
"444",0,0,0
"445",0.0537489655756361,0.0642083042543764,0.0497990618721041
"446",0.0274312096872777,0.0154378183856876,0.0014951656858577
"447",0,0,0
"448",0,0,0
"449",0,0,0.0307393578052404
"450",0,0,0
"451",0.112074078100391,0,0
"452",0.0958049453566862,0.107678614809811,0.0387911427110502
"453",0.0572933070257951,0,0.0318626733423963
"454",0,0,0.00374972556665113
"455",0,0.0276771465515716,0.0803374508557679
"456",0,0,0
"457",0,0,0
"458",0,0,0
"459",0,0,0
"460",0,0,0
"461",0,0,0
"462",0,0,0
"463",0,0,0.0120881646847978
"464",0,0.0214506674915619,0
"465",0,0,0
"466",0,0,0
"467",0.28581417581614,0,0.140953778525699
"468",0,0.0604343676932923,0.338398750669153
"469",0.04935440909405,0.0779890928209526,0.358405146476149
"470",0.720587426879096,0.563773839250062,0.414907762343577
"471",0.0563261165146459,0.12122304091176,0.101297970650239
"472",0,0,0.172268937197728
"473",0.0934791228254606,0.18579532168198,0.020349989251766
"474",0.717453847124571,0.51437578020246,0.567952761476001
"475",0,0.0559309596330338,0.105049297110052
"476",0,0,0
"477",0.625314659239809,0.385571357610366,0.308177011131503
"478",0,0.00947496468753101,0
"479",0.121162968311681,0.105110027495749,0.0455672132678389
"480",0.0652818907878779,0,0.0138947588338207
"481",0.0810108331575581,0.188815141682519,0
"482",0.265751372081231,0.101703158896853,1.18204290268593
"483",0.0353102026401943,0.0339622974272828,0.257753934881969
"484",0.0103341919189523,0.00813607147641414,0.234818830756319
"485",0.00647066824990698,0.00656844517190542,0
"486",0,0.00216423314842319,0
"487",0,0.000150054760919747,0
"488",0.000874175002578605,0,0
"489",0.00883919735037992,0.00574072258608163,0
"490",0.124000073799826,0.00190845101278544,0.228500287926918
"491",1.38709604541634,0.829649291677685,0.386685447128553
"492",2.26051987024338,0.957175882502687,0.899984509593911
"493",5.07444385819328,2.91643247004483,1.36888221895714
"494",0.0809920853279125,0.0645900181103829,0
"495",0.0250727218678963,0.0218543129368827,0
"496",0,0,0
"497",0,0,0
"498",0,0,0
"499",0,0,0
"500",0,0.00992215378082409,0
"501",0,0.00737123362473227,0.0012857526297311
"502",0,0,0.026063182108977
"503",0,0,2.79440395040159
"504",0.0520614549868255,0.0753305048618119,0.501274262066852
"505",3.39151197139108,2.6256089373162,1.62653252208232
"506",0.473369729286965,0.26328098799807,0.22399806265893
"507",0,0.0305397360052671,0
"508",0,0,0
"509",0,0,0
"510",0,0,0
"511",0.593201183524138,0.552778171570883,0.153977193779773
"512",0,0.0083325945775033,0
"513",0,0.00392987942234612,0
"514",0,0.00030080133935504,0
"515",0.0697110669432452,0.0829732579916256,0
"516",0,0,0
"517",0.0154755786411497,0,0.513935810845228
"518",0,0,0.133091477894014
"519",0,0,0
"520",0.0766915925119402,0,0
"521",0,0,0
"522",0,0,0
"523",0,0,0
"524",0,0,0
"525",0,0,0
"526",0,0,0
"527",0,0.00718389010558026,0
"528",0,0,0
"529",0.0341583734825937,0.0930353996119294,0
"530",0,0,0
"531",0,0,0
"532",0,0,0
"533",0,0,0
"534",1.27199654436575,2.31027585174174,1.33729886880106
"535",0,0,0
"536",0,0,0
"537",0,0,0
"538",0,0,0
"539",0,0,0
"540",0,0,0
"541",0,0,0
"542",0,0,0
"543",0,0,0
"544",0.0140454365191388,0.100031002070204,0
"545",0,0,0
"546",0,0,0
"547",0,0,0
"548",0,0,0
"549",0,0,0
"550",0,0.00249382080809467,0
"551",0,0,0
"552",0,0,0
"553",0,0,0
"554",0,0,0.0112199741137412
"555",0,0,0
"556",0,0,0
"557",0,0,0
"558",0,0,0
"559",0,0,0
"560",0,0,0
"561",0,0,0
"562",0,0,0
"563",0,0,0
"564",0,0,0
"565",0,0,0
"566",0,0,0.00512963075897362
"567",0,0.00154416523328575,0
"568",0,0,0.0169871607490071
"569",0,0,0.0026097372615912
"570",0,0,0
"571",0,0.00530695322157368,0
"572",0,0,0
"573",0,0,0
"574",0,0,0.00579723018789982
"575",0,0,0
"576",0.000724490258695671,0,0.00479700177258793
"577",0,0,0.072833552010892
"578",0,0,0
"579",1.00712710161314,1.3555955159939,1.11672424101043
"580",0.0427604214472797,0,0.0341674963073274
"581",0.0224048944930768,0,0.0555966395115689
"582",0.0180165240501699,0.0490759441938296,0.0437808701723086
"583",0,0.00128611557398535,0.0625178932800689
"584",0,0,0.0906815421816516
"585",0.0158957332728136,0.0178295837523687,0.00771663342575094
"586",0.000394207755116683,0.0165290088903492,0
"587",0,0.0114694487679192,0.00629407714753302
"588",0,0.00354866158577975,0.0113594224742451
"589",0,0,0.696277882778032
"590",0,0,0.103990618714039
"591",0.815806050444163,0.781091315998352,0.500839137120367
"592",0,0,0.343878514311734
"593",0,0,0
"594",0,0.0528708721788365,0
"595",0,0.0284636199534084,0
"596",0.0118683414678248,0,0.164523381504119
"597",0,0,0.341713812153349
"598",0.0469505503579654,0,0.90264604617408
"599",0,0,0
"600",0.0565067168976151,0,1.32462137279419
"601",0,0,0
"602",0,0,0.272088520145967
"603",0,0,0.0307619859964446
"604",0,0,0
"605",0,0,0
"606",0,0,0
"607",0,0,0
"608",0,0,0
"609",0,0,0
"610",0,0,0
"611",0,0,0
"612",0,0.0116846971111527,0
"613",0,0,0.0344344974464574
"614",0,0,0.152117761199971
"615",0,0.00377825481485914,0
"616",0,0,0
"617",0.0681111977669391,0.010073704933514,0
"618",0,0.239517970151523,0
"619",0,0.10114373358444,0
"620",0,0.0243804069443596,0
"621",0,0,0
"622",0,0,0
"623",0,0.0218436255185363,0
"624",0,0,0
"625",0.0273411230301603,0,0
"626",0,0,0
"627",0,0,0
"628",0,0,0.278969638687336
"629",0,0,1.74297828435103
"630",0,0,0
"631",0,0.0235712332655849,0
"632",0,0,0.0442018052579825
"633",0,0,0.0182921773792029
"634",0,0,0
"635",0,0.257523220536557,0.0746211059846718
"636",0,0.155801445357745,0
"637",0,0,0.0464303744522021
"638",0.0127408728701213,0,0
"639",0,0,0
"640",0,0,0
"641",0,0,0
"642",0.0179148924162145,0.0109794224281786,0
"643",0.0277229995651343,0.0271015216012217,0
"644",0,8.44969735169956e-05,0
"645",0.0558723348393688,0.0160236407400345,0.0971950815713818
"646",0.247382539722441,0,0
"647",0.957450190835758,0,0.261137931923345
"648",1.0262768876855,0,0.438617032580287
"649",0.272978257094173,0.516020544873576,0
"650",0,0.479854252602679,0
"651",0.595219759738789,0.551734683997197,0
"652",0.244335191536646,0.265785275051761,0
"653",0,0.00881944764789417,0
"654",0,0.0994005477305001,0
"655",0,0,0
"656",0,0,0
"657",0,0,0
"658",0.0382754684129475,0,0.0259303481091079
"659",0,0.136475208457464,0
"660",0,0.494440227803207,0
"661",0,0.2584890217578,0
"662",0,0.770921249866995,0
"663",0.222105762802531,1.29116804004839,0
"664",0,0.562676172279539,0
"665",0,0.322181801209611,0
"666",0,0.492347339293074,0
"667",0,0.0119887048314921,0
"668",0,0,0
"669",0,0,0
"670",0,0,0
"671",0,0,0
"672",0.086624900858471,0.0236929672895979,0.535308507185812
"673",0.0158435036401932,0.00637504477143501,0.00963026290947891
"674",0.0235680810417586,0.117307925565505,0
"675",0,0.0193507462876169,0
"676",0,0.0290259159985413,0
"677",0.0179419730980446,0,0.364807468096285
"678",0,0,0
"679",0,0,0
"680",0,0,0
"681",0,0,0
"682",0,0.00678919300502692,0
"683",0,0,0.0675409462467967
"684",0,0,0
"685",0,0,0
"686",0,0,0
"687",0,0,0
"688",0,0,0
"689",0,0,0
"690",0.00561857122722532,0,0
"691",0,0.204271836678382,0
"692",0.0788304858329222,0.129322157487456,0.222436237410797
"693",0.0208207324893948,0,0
"694",0.00828010048634662,0.104218317830625,0.163630979051171
"695",0.0492127451410081,0.208791080068993,0.50055601105298
"696",0,0.0558820250871352,0.034186208413251
"697",0.729158679202513,1.34580732540238,1.16333436448915
"698",0.0504350063307638,0,0
"699",0,0,0.0139733186479462
"700",0,0.00351151241256031,0.0367967138127309
"701",0,0,0
"702",0,0,0
"703",0,0,4.26778692508178
"704",0,0.0563218709192507,2.12906871807847
"705",0,0,0.288865440762758
"706",8.51660599185608,9.42539878381291,7.22230208728162
"707",0.324747011428731,0.463603076291709,0.28428585382672
"708",0,0,0.0112389334651124
"709",0,0,0
"710",0,0,0
"711",0,0,0
"712",0,0,0
"713",0,0.00729161661025789,0
"714",0,0,0
"715",0,0,0
"716",0.0208453748174696,0,0.00768194008890766
"717",0.0439428414180074,0,0
"718",0.0829411474199623,0,0
"719",0.214379474110105,0.0467904695580218,0
"720",0,0,0
"721",0,0,0
"722",0.0166125658663534,0,0
"723",0,0,0
"724",0,0,0
"725",0.0289120684545339,0,0.0118891974938585
"726",0,0,0
"727",0,0.00585781910114542,0
"728",0,0,0
"729",0.0572404616840916,0.0413588964538258,0
"730",0.133938994698418,0.026453316120082,0.169432701601605
"731",0.0305432040217395,0,0.0307216872897029
"732",0.209286138716187,0,0.0881349856292887
"733",11.5687480751121,9.09859694110452,7.39756752043221
"734",3.46270412030923,2.85326043257887,2.47808449311559
"735",0,0,0.269077717126021
"736",0,0,1.33972244867541
"737",0,0,0
"738",0,0,0
"739",0,0,0.536167094169351
"740",1.65565144878404,2.61108849086876,2.94849647022503
"741",0.587786870108499,0.857711331675499,1.0630044315373
"742",0,0,0
"743",0,0,0
"744",0,0,0
"745",0,0,0
"746",0,0,0
"747",0,0,0
"748",0,0,0
"749",0,0,0
"750",0,0,0
"751",0,0,0
"752",0,0,0
"753",0,0,0
"754",0,0,0
"755",0,0,0
"756",0,0,0
"757",0,0,0
"758",0,0,0
"759",0,0,0
"760",0,0,0
"761",0,0,0
"762",0,0,0
"763",0,0,0
"764",0,0,0
"765",0,0,0
"766",0,0,0
"767",0,0,0.823252787269759
"768",0,0,0
"769",0,0,0
"770",0,0.0163426354987211,0
"771",0.375948431026817,0.507924330493174,0.0580255230949616
"772",0,0,0
"773",0,0,0
"774",0,0.00225353019192623,0
"775",0,0,0
"776",0,0,0
"777",0,0,0
"778",0,0,0.000120016014141926
"779",0.00821243001918691,0,0.191178483986381
"780",0.141206032197038,0.146607583990914,0.0895474269469781
"781",0,0,0
"782",0,0,0
"783",0,0,0
"784",0,0,0
"785",0,0,0
"786",0,0,0
"787",0,0,0
"788",1.17500314903127,0.464575075846097,0.145625962974087
"789",0.267372336739075,0.184122601120691,0.000403566120472882
"790",0,0,0
"791",0,0.276364852205362,0
"792",0,0,0
"793",0,0.097918286712627,0
"794",0,0,0
"795",0,0,0
"796",0,0,0
"797",0,0.0635657762125075,0.734814817565572
"798",0,0.113535234334304,2.31858811260768
"799",0,0,0
"800",0,0,0
"801",0,0,0
"802",0,0,0
"803",9.20088035150168,6.67624240735804,6.29537722150055
"804",0,0,0
"805",0,0,0
"806",1.38141780725504,0.7406809858758,0.735206728183901
"807",0,0.0820485775273923,0
"808",0,0,0
"809",0.0289078587776772,0,0
"810",0,0,0
"811",3.49066022490251,2.19993338963532,1.87682549939174
"812",2.92547969819803,2.78730218333656,1.94056497119131
"813",0,0,0
"814",0,0,0
"815",0,0,0
"816",0.582980543284399,0,0.149447113806525
"817",0,0,0
"818",0,0,0
"819",0,0,0
"820",0.0900046335603963,0,0
"821",0,0,0
"822",0,0,0
"823",0,0,0
"824",0,0,0
"825",0,0,0
"826",0,0,0
"827",0,0,0
"828",0,0,3.40652984810033
"829",0,0,0
"830",0,0,0
"831",0,0,0
"832",0,0,0
"833",0,0,0
"834",0,0,0
"835",0,0,0
"836",0,0,0
"837",0,0,0
"838",0,0,0
"839",0,0,0
"840",0,0,0
"841",0,0.000964456849877025,0
"842",0,0.00759157702805708,0
"843",0,0.0133639052391315,0
"844",0,0.00147507648354026,0
"845",0,0,0
"846",0,0,0
"847",0,0,0
"848",0,0,0
"849",0,0,0.0385346350111081
"850",0,0,0
"851",0,0,0
"852",0,0,0
"853",0,0,0.0133451183803336
"854",0,0,0
"855",0.0543408388111853,0.00554114076039478,0.0139720698368918
"856",0,0.00315005647297957,0
"857",0,0,0
"858",0,0,0
"859",0.021236154034699,0.0261184298785972,0.0122321283961698
"860",0,0,0
"861",0,0,0
"862",0,0,0
"863",0,0,0
"864",0,0,0
"865",0,0,0
"866",0,0,0
"867",0,0,0
"868",0,0,0
"869",0,0,0
"870",0,0,0
"871",0,0,0
"872",0,0,0.00859905918870877
"873",0,0.00187514878627143,0
"874",0,0.00561873959621069,0
"875",0,0,0
"876",0,0,0
"877",0,0,0
"878",0,0,0
"879",0,0,0
"880",0.136062055363457,0,1.04784382411571
"881",0.142869517582134,0.204837673890214,0.197261694682447
"882",0,0,0.105328531704631
"883",0,0,0.429893659700588
"884",0.00259851184187777,0,0
"885",0,0,0.113268808880817
"886",0.121690684287342,0,0.497292691716573
"887",0.0255811872114214,0,0.0029118206171953
"888",0.0355073869265063,0,0.0358279662893856
"889",0,0.000946023569467975,0.459493112900031
"890",0,0.00908290626716448,0.0869139709552698
"891",0.241805797982755,0.229251508460421,0.243523751486985
"892",0.0091974238684317,0.000817248201277002,0
"893",0,0,0
"894",0,0.00220139857573562,0
"895",0.0372871649136389,0,0.0222151100269846
"896",0,0.00687640155430341,0.0511911918897008
"897",0,0.00488953768334661,0.0552229894397465
"898",0.00689679409814952,0,0
"899",0.0214801865649783,0,0.000171992349187816
"900",0.034486698380947,0.0450324795646724,0
"901",0.00644457102031668,0,0
"902",0,0,0
"903",0.0497810310709423,0,0
"904",0.147644866185849,0.132995948066557,0
"905",0,0.190289660960246,0
"906",0.560354560888777,0.807335079592345,0.186301709778142
"907",0,0.191542154708366,0
"908",0,0,0
"909",0,0.0119296657744749,0
"910",0,0,0
"911",0,0,0
"912",0,0,0
"913",0,0,0
"914",1.27791387214583,0,0
"915",0,0,0
"916",0,0,0
"917",0,0,0
"918",0.306112214044755,0,1.17329969956826
"919",0,0.149502281236573,0
"920",0,0,0
"921",0,0,0
"922",0,0.0292011097134766,0
"923",0.0458527064001068,0.0736776042404986,0
"924",0,0.0415875071560842,0
"925",0.22876091767314,0.0997102971712308,0
"926",0.080240453652355,0.103464899597206,0
"927",8.66558502493486e-06,0,0
"928",0,0,0.0931819774005404
"929",7.21563574906593,7.8847900457759,4.47807058097298
"930",0,0,0
"931",0,0,0
"932",0.0135122980282817,0,0.914980184352297
"933",0,0,0
"934",0.0127882184605212,0,0
"935",0,0,0
"936",0,0,0
"937",0.0194758717617097,0,0
"938",0.151564942323933,0,0
"939",0.862446658959123,0.276215305249683,0.289911864071119
"940",0.325863698702219,0.139006371447926,0.0778137853299565
"941",0.250650312258927,0.0293341912615727,0.0409459302708697
"942",0.0117298569551633,0,0.216780757498462
"943",1.13409454420412,0.464581475506605,1.7497183399132
"944",0.904678082589328,0.0681495717034172,0.305458309564758
"945",0.294670754826352,0,0.0274055968375365
"946",0,0,0
"947",0,0,0
"948",0.338985040182243,0,0.741949849048048
"949",0.011603545209616,0.00399636880567527,0.535548311643208
"950",0,0,0.45865501707685
"951",0.210084347338947,0.262009903331933,0
"952",0,0,0
"953",0,0,0
"954",0.364441125521777,0,0
"955",0,0,0
"956",0,0,0
"957",0,0,0
"958",0,0,0
"959",0,0,0
"960",0,0,0
"961",0,0,0
"962",0.00912459178935674,0,0.135398171348737
"963",0,0,0
"964",0,0,0.00328090231434554
"965",0,0,0
"966",0.0305220135159975,0,0.0369757848610412
"967",0.00506683924320882,0,0.00785279815034291
"968",0,0,0.00947993404028448
"969",0,0,0.0531005500675453
"970",0.189376042929848,0.333678498595401,0.23401161116612
"971",0,0,0
"972",0,0,0
"973",0,0,0
"974",0,0,0
"975",0,0,0
"976",0,0,0
"977",0,0,0
"978",0,0,0
"979",0,0,0
"980",0,0,0
"981",0,0,0
"982",0,0,0.0151486983418989
"983",0,0,0
"984",0,0,0
"985",0,0,0
"986",0,0,0
"987",0,0,0
"988",0.0265863814774201,0,0
"989",0,0,0.0234559443428198
"990",0.00266910874436613,0,0.00314776124834375
"991",0,0,0.0496806776282542
"992",0.454466646216856,0.805742332669254,0.65571466624614
"993",0.263998306228984,0.350475193567972,0.278540920900483
"994",0.121947916020508,0,0.26927454858222
"995",0,0.0848106198269237,0.00842605171750791
"996",0,0,0
"997",0.367707999226547,0.309249677302595,0.431959680846077
"998",0.528913313811736,0.568269344653222,0.404210128117768
"999",0,0.0330377665093389,0.264951219959941
"1000",0,0,0.428437152383861
"1001",0,0.153293111156023,0
"1002",0.00400445137089256,0,0.127519070500651
"1003",0.0572113706959213,0.0827371896768226,0.0916011658069903
"1004",0.0074204717670021,0.0353860229028714,1.06967523541979
"1005",0.16883617361008,0.382413956729939,0.362062871024626
"1006",0,0.00528666430615166,0.00202655805364126
"1007",0,0,0
"1008",0,0,0
"1009",0,0,0
"1010",0,0,0
"1011",0,0,0.237475370453875
"1012",0,0,0
"1013",0,0.0109229200009609,0
"1014",0,0,0
"1015",0,0,0
"1016",0,0,0
"1017",0,0,0
"1018",0,0,0
"1019",0.203718247177974,0.234331023300313,0.209383034497088
"1020",0.0783546632280599,0.145633389889721,0.294325760131019
"1021",0,0,0.15514644155552
"1022",0.0242334668366707,0,0.404658078888671
"1023",0,0,0.0576324587775636
"1024",0,0,0
"1025",0,0.00836946715674143,0
"1026",0.0332903839412211,0.127596523861657,0.103998221497673
"1027",0,0.00141675164047377,0
"1028",0,0,0
"1029",0,0,0.0846099975070705
"1030",0.0152013164055728,0.0242965446789863,0.0197144540490759
"1031",0,0,0
"1032",0,0.0138939776298884,0
"1033",0,0,0
"1034",0,0,0
"1035",0,0,0
"1036",0,0.0237322126378686,0.13340961079627
"1037",0,0,0.83020102523809
"1038",0,0,0.202993767749985
"1039",0.0121816590083231,0.111225206116764,0
"1040",0,0.0260896129107656,0
"1041",0,0,0
"1042",0.236921882195035,0.0396693785172121,0
"1043",0.508575870046521,0.535335290460034,0.274643406134952
"1044",0,0,0
"1045",0,0,0
"1046",0,0,0
"1047",0,0,0
"1048",0,0,0
"1049",0,0,0
"1050",0,0,0
"1051",0,0,0
"1052",0,0,0
"1053",0,0.00885919210161935,0
"1054",0,0,0
"1055",0,0.0251687372151659,0
"1056",0,0.0798827441412115,0
"1057",0,0.180300842835062,0
"1058",0.0925228852902973,0.221908723511475,0
"1059",0.00191152549683091,0.0275732610260332,0.0299173254129033
"1060",0.0509354988641999,0.110931811244814,0.0467988026024445
"1061",7.16880680990456,7.84832650877782,6.43825376386885
"1062",0.109476223902116,0.136379531640598,0.0791477805543642
"1063",0,0,0
"1064",0,0,0
"1065",0.0106648088300924,0.0232670715878585,0
"1066",0,0,0.00650511429562198
"1067",0,0,0.33658145933798
"1068",0,0,0.305942259772466
"1069",0,0,0
"1070",0,0,0
"1071",0,0,0
"1072",0,0,0
"1073",0,0,0
"1074",0,0,0.00136655590095805
"1075",0,0,0.376593824242647
"1076",0,0.00814451510658403,0
"1077",0,0,0
"1078",0,0,0
"1079",0,0,0
"1080",0.069073246337767,0,0.60309503756692
"1081",0,0.0204791672738266,0
"1082",0,0.000387189224582366,0
"1083",0,0.0170920440252388,0
"1084",0,0.170692051914697,0
"1085",0,0.0935627716448974,0
"1086",0,0.080089158379382,0
"1087",0.49324656261686,0.121534939787016,0
"1088",0.482484092815731,0.168301153423152,0.162154719078786
"1089",0,0,0.784935455783
"1090",0,0,0.0223400362266061
"1091",1.16276663577859,0.877219918222436,0.704831669185416
"1092",0,0,0
"1093",0,0,0
"1094",0,0,0
"1095",0,0,0
"1096",0,0,0
"1097",0,0,0
"1098",0,0,0
"1099",0,0,0
"1100",0,0,0
"1101",0,0,0
"1102",0,0,0
"1103",0,0,0
"1104",0.0807292712965911,0.0150050020612042,0.0245165952945365
"1105",0,0,0
"1106",0,0,0
"1107",0,0,0
"1108",0,0,0
"1109",0,0,0
"1110",0,0,0
"1111",0,0,0
"1112",0,0,0
"1113",0.0892619034136309,0.0829613576555968,0.174452427140598
"1114",0,0.0110203984394333,0.677805748385512
"1115",0.185111370334424,0.014969289553003,1.61917384390134
"1116",1.18026761266384,1.61294267537818,1.04791963816613
"1117",0,0.00325914339474471,0
"1118",0,0.014337919140995,0
"1119",0,0,0
"1120",0,0.000434454019167599,0
"1121",0,0.0123120260352157,0.00961215572998409
"1122",0,0.000983495931306672,0.0562805061429135
"1123",0.004824179943453,0.0198511037361264,0.100645283409756
"1124",0.0197652988927371,0.025506149800943,0.0302519333962234
"1125",0,0,0
"1126",0,0,0
"1127",0,0,0
"1128",0,0,0
"1129",0,0,0
"1130",0,0,0
"1131",0.0443960311506678,0.068464753289069,0.0341552328512204
"1132",0.154322345273342,0.133865991331382,0.164658464396017
"1133",0.00467848127004193,0.0111510446725367,0
"1134",0,0.00589049943765647,0
"1135",0,0,0.0984181335732275
"1136",0,0,0
"1137",0,0.025204041909716,0.00964024407585355
"1138",0.0613683984895996,0.153158653461783,0.126012680448208
"1139",2.37310977270915,2.66471582769752,2.99566001015914
"1140",0,0,0
"1141",0,0,0
"1142",0.0555611775184035,0.0500719782298863,0.0537823932776359
"1143",0,0,0
"1144",0,0,0.00202414907472794
"1145",0,0,0
"1146",0.0068647318944944,0,0.0174292620230476
"1147",0,0,0.00814463690789034
"1148",0,0,0.00239495790079538
"1149",0,0,0
"1150",0,0,0.00940949307139842
"1151",0,0,0.0352030388159077
"1152",0,0,0
"1153",0,0,0
"1154",0,0,0
"1155",0,0,0
"1156",0.00942076083330892,0,0.0486584888548225
"1157",0.0158288433967202,0,0.0186365518423642
"1158",0.00036169969063218,0.00108076660130436,0.00677384812609678
"1159",0.0119499137086119,0,0.0388964045855408
"1160",0.00991423790157126,0.0206126531147851,0.0235598311926736
"1161",7.78626747521059e-05,0,0.0106403915100884
"1162",0.0117951812018131,0,0.0655740951143392
"1163",0,0,0.00603444314653189
"1164",0,0,0
"1165",0,0,0
"1166",0,0,0.00812906620116013
"1167",0,0,0
"1168",0,0,0.00663630103301333
"1169",0,0,0
"1170",0,0,0
"1171",0.0121271773649468,0.0443478161842473,0.00303085670690464
"1172",0,0,0
"1173",0,0,0.000353565017160244
"1174",0,0,0
"1175",0,0,0
"1176",0,0.00313868343524618,0
"1177",0,0,0
"1178",0,0,0
"1179",0,0,0
"1180",0,0,0
"1181",0,0,0
"1182",0,0,0
"1183",0.965266528805987,0.184074428854243,0
"1184",0,0,0
"1185",0,0,0
"1186",1.17234967582117e-05,0,0
"1187",0,0,0
"1188",0.275455311032044,0,0
"1189",0,0,0
"1190",0,0,0
"1191",0,0,0
"1192",0.0309156148619813,0.0559811235895952,0.0982633595007378
"1193",3.36022098138203,3.41582404035231,3.44845061351779
"1194",0.00628946534493909,0.00597146211380897,0.0183390053198061
"1195",0.0820100792783288,0.0523262316351781,0.369046689222327
"1196",0.0023042564033311,0.0041089580467101,0.0124626639382542
"1197",0.00049940169034021,0,0.00171800147569107
"1198",0,0.0047583885532342,0.00159951046375445
"1199",0.000953620311805955,0.00192115439376506,0.00584281053162555
"1200",0.0042243425665165,0.00272130460557913,0.0129457540307516
"1201",0.00984708301899677,0,0.00948005721094207
"1202",0.0605245613865199,0.0205056756783714,0.066317687978819
"1203",0.0688368684845875,0.0437242696532079,0.0812557318996721
"1204",0.0106046419172497,0.00756227235670939,0.0109762937179669
"1205",0,0.000564246748852843,0.00671070864579794
"1206",0.000172154776573359,0.000312049145279516,0.00242906506262822
"1207",0.0119843432586188,0.00515121025729999,0.0556736039923208
"1208",0.013080071749597,0.00845674035474621,0.0258032832958458
"1209",0.00169754021463613,0.000383382758296704,0.00463285077269322
"1210",0.00416666607951467,0.000384792465879654,0.0244676882724938
"1211",0.00111240882463422,0.00104367831482619,0.00277746006266299
"1212",0.00328585338270655,0,0.00202576125093825
"1213",0.149141323063951,0,0.252821426619529
"1214",0.00333290936026413,0.000664283471217187,0.00989141751824855
"1215",0.00832641727504779,0.00370118684229588,0.0974532133656334
"1216",0.00135209537225779,0.00062310813875501,0.00575106700562779
"1217",0.0111451554780442,0.00686900965407934,0.0154429689450206
"1218",0.0436018099512924,0.0173249477703213,0.050261869246625
"1219",0.0231855355138659,0.0151137487451708,0.0964725506421957
"1220",0.061130837638711,0.0227640391560021,0.294060105069602
"1221",0.016082234708422,0.00662676845070712,0.189122859955745
"1222",0.00907629113708983,0.00425386460972167,0.104792833753439
"1223",0.355113880486379,0.142828332901708,0.348736789015102
"1224",0.0382521135822427,0.0126641455450904,0.244565181995034
"1225",0.0351869509877112,0.0158752001709326,0.0927333508904223
"1226",0.21725503080317,0.149708377374445,0.32542256555415
"1227",0.0658492675588774,0.0513101557548928,0.109735953563827
"1228",0.0114203511880151,4.97265184481251e-06,0.00277710805092502
"1229",0.144151440075552,0.0408668838658485,0.136896203460378
"1230",0.0350968768685179,0.00536957486180561,0.0522563867572005
"1231",0.00307392075176992,0.00313078711004635,0.0153389961949116
"1232",0.000527797374482979,0,0
"1233",0.0556705016473037,0,0.0652264473783598
"1234",0.0011509265175459,0.00251036804651428,0.0641976077216224
"1235",0.00974650609345522,0.0185443526535917,0.222586777501644
"1236",0,0.00930631086190808,0
"1237",0.0969643163772764,0.14874286153787,0
"1238",0,0.179528843477892,0
"1239",0.028983621691451,0.068465666106684,0
"1240",0.0276957818197665,0.0314100314137136,0
"1241",0.0370663072099958,0.149219717229732,0
"1242",0.012120833489591,0.00915969073153191,0
"1243",0,0.0304987082492341,0
"1244",0,0.00049322649666326,0
"1245",0.067589027066882,0.0664449134594526,0.06316045456338
"1246",0.588595949757237,0.702633169683581,0.724389515043996
"1247",0.0539283511516423,0.0720126847466166,0
"1248",0.00149124406481858,0.00246351381543236,0
"1249",0,0,0
"1250",0,0,0
"1251",0,0,0
"1252",0,0,0
"1253",0,0,0
"1254",0,0,0
"1255",0,0,0
"1256",0,0,0
"1257",0,0,0
"1258",0,0,0
"1259",0,0,0
"1260",0,0,0
"1261",0,0,0
"1262",0,0,0
"1263",0,0,0
"1264",0,0,0
"1265",0,0,0
"1266",0.00166989883465657,0,0
"1267",0.000587061606297837,0.0140637012835897,0
"1268",0,0,0
"1269",0,0,0
"1270",0,0,0
"1271",0.0397035505527446,0,0
"1272",0,0.00120968576542537,0
"1273",0,0,0.0280455556153491
"1274",0.101568773440017,0.149059873539206,0.548240436537343
"1275",0.0111053748281677,0.00172094341430025,0.0144767848716095
"1276",0.00250689465012325,0.0006934962187502,0
"1277",0.00477798690929826,0,0.000273276821890447
"1278",0.0108929493148864,0.00421306731275653,0
"1279",0.00515775190279881,0,0
"1280",0.000380004370078981,0.00185690044301644,0
"1281",0,0,0
"1282",0.0087042463275271,0.036622592133416,0.0781016530205478
"1283",0.0195308685920704,0.0161825020767264,0.0751690866878472
"1284",0.00728457386894653,0.00611168543091432,0.021910508771727
"1285",0.0154595154965422,0.0168214969297363,0.207637368721499
"1286",0.0230737663844421,0,0.302223177821112
"1287",0.0150840334390603,0.00723548963350903,0.0268164223086865
"1288",0.00782583863805643,0,0.0200558439484322
"1289",0.00164187295449039,0,0.000932920660926206
"1290",0.00423714763014523,0,0
"1291",0.00220432822371297,0,0.042504801936165
"1292",0.00742783341323535,0,0.0240319985515701
"1293",0.0118800684747245,0,0
"1294",0.0179181388671503,0.0170027500386186,0.0181727732303147
"1295",0,0.0421863254545207,0
"1296",0.00498081092243162,0,0
"1297",0,0,0
"1298",0.00296393584770719,0.00188122803209389,0
"1299",0.384864810905786,0,0.432451897917175
"1300",0.196194361025952,0.0498074765170181,0.0623496176878987
"1301",0.118226854309586,0,0.00656862868710069
"1302",0,0,0
"1303",0,0,0
"1304",0.00680840883931246,0,0.0408191989611466
"1305",0,0.00129818245331881,0
"1306",0,0,0
"1307",0,0,0
"1308",0,0,0
"1309",0,0,0
"1310",0.0391342963869873,0,0.596704369969081
"1311",0,0.0182151468360607,0.0209808310743456
"1312",0.346985365368686,0.327062684150585,0.511859043012622
"1313",0.00702684892765634,0,0.0314791057172674
"1314",0,0,0
"1315",0,0.00117677284304905,0
"1316",0,0.0207576270080795,0.0116654020728662
"1317",0.0290232522325256,0.0231299065489473,0.0288018551474893
"1318",0.715098207697156,0.369183711765917,0.986574102470051
"1319",0.0993147251373258,0.0435177877227934,0.16978016657496
"1320",0,0,0.0104679271002851
"1321",0.357292631321519,0.263897483566645,0.286355988724249
"1322",0,0.0185638620666235,0
"1323",0,0,0
"1324",0,0,0.0239765525949796
"1325",1.42319891554686,2.35005044783935,1.94031697227291
"1326",0,0.0173747641087872,0.0183454817342255
"1327",0,0,0
"1328",0,0,0
"1329",0,0.00697039499225978,0
"1330",0.0643396424471018,0,0
"1331",0,0.101841865777805,0
"1332",0,0.0286662787265696,0
"1333",0,0,0.0875977549140682
"1334",0,0,0
"1335",0,0,0
"1336",0.123927017922603,0.23905918444374,0.270952149131229
"1337",0,0.00591633741869289,0.0660428279782798
"1338",0,0.0102769319108138,0
"1339",0,0,0.269877713039088
"1340",0.0287632843658281,0,3.84734123172137
"1341",0,0.00750630731426749,0
"1342",0,0.000676460454516654,3.1064296932571
"1343",0,0,1.92480962702826
"1344",0,0,0
"1345",0.300251334660384,0.0420937914479897,0
"1346",0,0.605695209760085,0.600141408188513
"1347",0,0,1.65378793839949
"1348",0,0,0
"1349",0,0,0
"1350",0,0,0
"1351",0,0,0
"1352",0,0,0
"1353",0,0,0
"1354",0.00333345779228493,0,0
"1355",0,0,0
"1356",0,0,0.0168539911958458
"1357",0,0,0
"1358",0.0195997081268261,0.0119781954158059,0
"1359",0.511264066583351,0.426616671990328,1.00690373023204
"1360",0.550961200319381,0.349307307638151,0.115912951465427
"1361",0,0.0462992051556926,0
"1362",0,0,0
"1363",0,0,0
"1364",0,0,0
"1365",0,0,0
"1366",0,0.0218685763595895,0
"1367",0,0,0
"1368",0,0,0
"1369",0,0,0
"1370",0,0,0
"1371",0.496954328509712,0.924654740627116,0.116173316520751
"1372",0,0,0
"1373",0.00634241050194932,0.00481074561274886,0.0441259294886828
"1374",0,0,0.159416828463122
"1375",0,0.000381504897128479,0
"1376",0,0.0384807686545384,0
"1377",0,0.0220615751208958,0
"1378",0,0.0226049172049343,0
"1379",0,0,0
"1380",0,0,0
"1381",0,0,0
"1382",0,0,0
"1383",0,0.012742003278518,0
"1384",0,0.0944402265706471,0
"1385",0,0,0
"1386",0,0,0
"1387",0,0,0
"1388",0,0.0934984468545269,0
"1389",0,0,0.0101291533116673
"1390",0,0,2.89195313862812
"1391",0.033931080508854,0.0717893423626451,0.0665473350550135
"1392",0,0.00478750431693056,0
"1393",0,0,0
"1394",0,0,0
"1395",0.0311630013598017,0.174199978761088,0
"1396",0,0,0
"1397",0.2488517205155,0.0279362895154613,0.0279904613662359
"1398",0,0.086432778906434,0.294964074717865
"1399",0.0485464482511135,0.0404606697826831,0.143713891384528
"1400",0.0914203378305083,0.128555621182727,0.0446932648648127
"1401",0,0.0107124906226553,0
"1402",0,0.0205929067221811,0
"1403",0,0.0154477292051966,0.0405464372960035
"1404",0,0.0100069911377986,0
"1405",0,0.0106272107282104,0
"1406",0,0.0598878086528295,0
"1407",0,0.0224031860565666,0
"1408",0,0.0269380142375913,0
"1409",0,0,0
"1410",0,0.149393191552314,0
"1411",0,0.0573247446172369,0
"1412",0,0,0
"1413",0,0,0
"1414",0,0,0
"1415",0,0.011995030181783,0
"1416",0,0.0323582609468299,0
"1417",0,0.00842592869917875,0
"1418",0,0,0
"1419",0,0.211114478050303,2.56987779692435
"1420",0.0144488734853763,0.0106869302066116,0.291064253561286
"1421",4.91688228529942,5.02860834130931,3.79890560966598
"1422",0,0.00243365838886801,0.066751599228277
"1423",0,0,0.066401597575731
"1424",0.700232135802436,0.387861301113918,0.851247935148536
"1425",0,0.00990552735532861,0.0410955001072424
"1426",0,0,0.655793738977134
"1427",0,0.0810687765734878,0
"1428",0,0,0
"1429",0,0,0
"1430",0,0,0
"1431",0,0,0
"1432",0,0,0
"1433",0,0,0
"1434",0,0,0
"1435",0.0386374302546869,0,0
"1436",0,0.00357792497333892,0
"1437",0,0.000287205305384484,0
"1438",0,0,0
"1439",0,0,0
"1440",0,0,0
"1441",0,0,0
"1442",0,0,0.053977495696136
"1443",0,0,0
"1444",0,0,0
"1445",0,0,0
"1446",0,0,0
"1447",0,0,0
"1448",0,0,0
"1449",0,0,0
"1450",0.00933977860203104,0,8.24054392454429e-05
"1451",0.00277839724809665,0,0
"1452",0,0,0
"1453",0,0,0
"1454",0,0,0
"1455",0,0,0
"1456",0,0,0
"1457",0,0,0
"1458",0,0,0.0171881545003698
"1459",0.0442227293970492,0,0.92198302053295
"1460",0,0,0
"1461",0,0,0
"1462",0,0,0
"1463",0,0,0.0117714424416778
"1464",0,0,0
"1465",0,0,0
"1466",0,0,0
"1467",0,0,0.287797741425326
"1468",0.116377552146281,0,1.62921548832017
"1469",0,0,1.36059667896024
"1470",0,0,1.95808400604885
"1471",0,0,0
"1472",0,0,0
"1473",0,0,0
"1474",0,0,0.0439858342684046
"1475",0,0,0.00229151761835677
"1476",0,0,0
"1477",0,0,0
"1478",0,0,0
"1479",0.0291439868048252,0,0
"1480",0,0,0
"1481",0,0.00173136147647421,0.0549512283611549
"1482",0,0,0.473393432783719
"1483",0,0.275482970964186,0
"1484",0,0.0119920310257753,0
"1485",0,0,0
"1486",0,0,0
"1487",0,0,0
"1488",0.184326853416014,0.763741344705117,0
"1489",0.452521544395748,0.496926043295447,0.895439562240713
"1490",0.0230128290559922,0,0.869332462387024
"1491",0,0,0.129027648227144
"1492",0.729494073856101,1.56128628190254,0.862629718164083
"1493",0,0.123667058586914,0.0311290911565765
"1494",0,0,0
"1495",0,0,0
"1496",0,0,0
"1497",0,0,0
"1498",0,0,0
"1499",0,0,0
"1500",0,0,0
"1501",0.29757668292616,0.349960363844206,0
"1502",1.53604966245589,2.9292585680204,0
"1503",0,0.278633984936795,0
"1504",0.28193765711581,1.42205436160798,0
"1505",0,0.0636065357367477,0
"1506",0,0,0
"1507",0,0,0
"1508",0,0.00696511521135961,0
"1509",0,0,0
"1510",0,0,0
"1511",0,0,0
"1512",0,0,0
"1513",0,0,0.351232845899458
"1514",0,0,0
"1515",0.171788114384888,0.285315788101775,0.0363015545233351
"1516",0.0706911889472113,0.154120922969969,0
"1517",0.00308611505580647,0.00593572765680543,0
"1518",0,0,0
"1519",0,0,0
"1520",0,0,0
"1521",0,0,0
"1522",0,0,0
"1523",0,0,0
"1524",0.0812985043255668,0.161083163462429,0.0726977494824443
"1525",0.015127503243112,0.0621974395753206,0.0495940659823982
"1526",0,0,0
"1527",0,0,0
"1528",0.014831068614072,0.0156398057554328,0.0776428527146738
"1529",0,0.0058168124223999,0.0158699463936137
"1530",0,0,0
"1531",0,0,0
"1532",0,0,0
"1533",0,0,0
"1534",0,0,0
"1535",0,0,0
"1536",0.0278887127250941,0,0.316722890544531
"1537",0,0,0
"1538",0,0,0
"1539",0,0,0
"1540",0,0,0
"1541",0,0,0
"1542",0.704842080509221,0,0.374689090187942
"1543",0.414775728664332,0.566981594943623,1.04086746691642
"1544",0,0,1.17171449245357
"1545",0,0.0227398997165754,0
"1546",0,0.132877216740188,0
"1547",0.0248029971149141,0.125598843428034,0
"1548",0.00942862216264829,0.011706466620298,0.850556452637828
"1549",0.0452056665597418,0.0873528529907194,0.823561600940544
"1550",0.0469139562242151,0.0711418517205362,0
"1551",0,0.000655062797178492,0
"1552",0,0.0148081239848889,0
"1553",0,0,0.220766564320512
"1554",0,0.0015273741150437,0
"1555",1.84895138356577,1.30275765114157,0.553404133647143
"1556",0.899924615692764,1.14106119933492,0.176904309888999
"1557",0,0.0417919045000154,0
"1558",0.809916169671652,0.361899051727629,0.717218956621957
"1559",0.0299585895888487,0.0918157868232192,0
"1560",0,0.0317273248419212,0
"1561",0,0,0
"1562",0,0.00452260451473934,0
"1563",0,0.029554792930849,0
"1564",0,0,0
"1565",0,0.0227024461301242,0
"1566",0,0,0
"1567",0,0.23502480078999,0.535426057267686
"1568",0,0.243539499408294,0.771056524941031
"1569",1.82436786829628,0.882161899537989,0.4651137807222
"1570",0,0.022387494720498,0
"1571",0,0,0
"1572",0,0,0
"1573",0,0,0
"1574",0,0,0
"1575",0,0.170453333114918,0
"1576",0.703342101811317,0.603598263237936,0.37961449363376
"1577",0.0423774758905314,0.10650495769441,0
"1578",0,0.0383833155937445,0
"1579",0.0526931501170078,0.209706353763003,0.178838653014591
"1580",0.0246715494362945,0.0403729998425589,0.0634206765638024
"1581",0,0.0508986776266841,0.0118483542662515
"1582",0,0.139511381707908,1.86618692246725
"1583",0,0.023074775598266,0.0114473479945399
"1584",0,0,3.34178542474256
"1585",0,0,0.775999797520643
"1586",0,0.0396746557065939,0
"1587",0,0,0
"1588",0,0,0
"1589",0.0653973758401832,0,0
"1590",0,0.00581013415510675,0.170911052826462
"1591",0.0138613964240559,0.0293037512039035,0.261499024496933
"1592",0,0,0
"1593",0.0327968852534635,0.0431566541491183,0
"1594",0.211857335364186,0,0.0093460388846809
"1595",0,0.0347224017397881,0.0209278066626388
"1596",0.723166718893268,0.747186974699487,1.02600740383833
"1597",1.09115895941453,0.602847977914954,0.391039018879366
"1598",0.0115318249969875,0.0337698927039761,0.0538011380689422
"1599",0,0.0871104193899624,0.191849029672743
"1600",0.00383690989066245,0.0329600453681091,0
"1601",0,0,0
"1602",0,0,0
"1603",0,0,0
"1604",0,0,0
"1605",0,0,0
"1606",0,0,0
"1607",0,0,0
"1608",0,0,0
"1609",0,0.00159370782759631,0
"1610",0,0.0430314174115723,0
"1611",0,0.00646165289628482,0
"1612",0,0.0078688655231634,0
"1613",0,0.0957365347355844,0
"1614",0,0.00569119747163084,0
"1615",0.000431091689982098,0.00387414805809244,0
"1616",0,0.00262969599152697,0
"1617",0,0.000765348624405048,0
"1618",0,0.000119366235378831,0
"1619",0,0.000119750501317236,0
"1620",0.00299512408981025,0.000125443401015669,0
"1621",7.99861889460617e-05,0,0
"1622",0.00307475460087313,0,0
"1623",0,0.000112526626168723,0
"1624",0,0.000447099796389203,0
"1625",0,0,0
"1626",0.000140664488880667,0,0
"1627",0,0,0
"1628",0,0,0.012832087943966
"1629",0,0,0.0301042971178419
"1630",0.0164478187266912,0.00569657415631986,0.0980760062338597
"1631",0,0.00300126840508625,0.00387529572097463
"1632",0.0197183810145858,0.00358164651684537,0.092687293365993
"1633",0,0.00194114344428673,0.00653195697980191
"1634",0.0229222535427679,0.00249340359372223,0.0460101808324446
"1635",0.00472680923752864,0.000182109911709159,0
"1636",0.000977202888453415,0,0
"1637",0.00178936197517232,0,0
"1638",0.0096768395770929,0,0
"1639",0.181772769256327,0,0
"1640",0,0.000815620111955893,0
"1641",0.0180908651997093,0,0
"1642",0,0,0
"1643",0,0.00261773217395652,0
"1644",0,0.202443066150005,0.0603613517132741
"1645",0.0481081757692359,0,0.146172091541984
"1646",0,0.565127914846449,0.329086181703766
"1647",0,0.490984206457304,1.39785990262796
"1648",0,0,0
"1649",0,0,0.299758583310594
"1650",0,0.0674826483179044,0.709464754786447
"1651",0,0.513037380434142,0.162877430657768
"1652",0,0.338477203753457,0.0637186933748006
"1653",0,0,0
"1654",0.214923095040354,0,0.223851707215204
"1655",0,0,0
"1656",0,0,0
"1657",0,0,0
"1658",0,0,0
"1659",0,0,0
"1660",0.0274776263409378,0,0.0289438092970114
"1661",0,0,0
"1662",0,0,0
"1663",0,0,0
"1664",0.0148667790109855,0,0.00578859055149215
"1665",0,0,0.00129683716124757
"1666",0,0,0.353871434130476
"1667",0,0,0
"1668",0,0,0.012868192877895
"1669",0.00100502720379801,0.088720861184118,0.035600274939537
"1670",0,0.166948033147931,0.0314275919867456
"1671",0,0.00803125910909458,0
"1672",0,0,0
"1673",0,0.0230565160469002,0
"1674",0,0.0239428752900134,0
"1675",0,0,0.0444536104045634
"1676",0,0,0.848776846321251
"1677",0.0302956872521049,0,0.185308222746987
"1678",0,0,0
"1679",0,0.0147887260461072,0
"1680",0.0189727194618824,0.44225667633019,0.0480542529961857
"1681",0.663969928522955,1.864586407802,1.22956216906494
"1682",0,0,0
"1683",0,0.0516816173374892,0.0153733801530727
"1684",0,0,0
"1685",0,0.767655047385748,0
"1686",0,0.991433972455164,0
"1687",0,1.27980032266441,0.641618568858503
"1688",0,1.92553929599461,0.949215780299444
"1689",0,0.00341996271257027,0
"1690",0,0.368937730995269,0
"1691",0.0265077652303557,0.0828738693728477,0
"1692",0,0,0
"1693",0,0,0
"1694",0,0,0
"1695",0,0,0
"1696",0,0.0985077409069604,0
"1697",0.0621040123746623,0.62416530390152,0
"1698",0.315212481508312,0.883884671929964,0
"1699",0.0363721725961914,0.0732950920509449,0.282194711346944
"1700",0.0786075415837142,0.198832670858697,0.331167146505807
"1701",0.913362768818488,0.918121212001232,0.835662174164891
"1702",0.0417107864644334,0.0660896093092968,0.0182065856425601
"1703",0.0416981998434859,0.0336621506654465,0.0511298215235341
"1704",0.122814020263515,0.0573087880408243,0.151029734624058
"1705",0.00760008166809017,0.0135755838199198,0.0192769690250266
"1706",0.098055746785209,0.0908612923293855,0.439312285011821
"1707",0.0710990027449353,0.139746157335738,0.155073562398076
"1708",0.147900431695796,0.216133533368615,0
"1709",0.356960458548498,0.0743697779808623,0.115084268673902
"1710",0.0531573081052509,0.00915868562495446,0.0635283563674688
"1711",0.167101628581353,0.6106453509928,0.12436298665802
"1712",0.164976618859824,0.230302688727635,0.158861604317267
"1713",0.0177492658186441,0.0289268145912113,0
"1714",0.0304708461937341,0,0.0129614377328572
"1715",0,0,0.00556569714395827
"1716",0.00149949648586749,5.78513209347946e-05,0
"1717",0,0,0
"1718",0,0,0
"1719",0,0.0228998513506117,0
"1720",0.0867466963028646,0.080461309697995,0.305657493262052
"1721",4.31208178354927,3.86479951728734,4.41222416007617
"1722",0.394621369376604,0.0856943454431802,0.502563525076592
"1723",0.0454256777038154,0.0411672189958438,0.0113137422261361
"1724",0.00120644102127065,0,0.0127473458144933
"1725",0,0.00250459352408499,0.00641880432003835
"1726",0,0,0.000808547793671544
"1727",0.23478442452999,0,0.415299388157548
"1728",0.0101251810244111,0.0348880463171856,0.194225112805124
"1729",0,0.00645597880363102,0.0133984568586721
"1730",0.190545439227831,0.310119496730566,0.263414569579865
"1731",2.29547701441565,2.9743335938751,2.75073319017774
"1732",0,0.00210100346730611,0.00395497221109978
"1733",0,0.00275259256042274,0.00190718921979058
"1734",0,0,0
"1735",0,0,0.000852796873306048
"1736",0,0,0.000357462938272047
"1737",0,0,0.0098711205243249
"1738",0,0,0
"1739",0,0,0.0862271335141132
"1740",0,0,0
"1741",0,0,0
"1742",0,0,0.0035000490121963
"1743",0,0,0.0269490636055765
"1744",0,0.00805233921265127,0.00383241214359867
"1745",0,0,0.0125377196827548
"1746",0,0,0
"1747",0,0,0
"1748",0.0046731652002525,0.00369622853612737,0.000202238561939206
"1749",0.0484377394164036,0.0757427407527994,0.0416579027828745
"1750",0.000807176554979306,0,0.00105121037182456
"1751",0.00348606213472188,0,0
"1752",0.0064660457621256,0,0.00346248760591317
"1753",0.00585889368389865,0,0.00479345478995256
"1754",0.0150634031765161,0,0.0063235921002916
"1755",0.00665692087699688,0.00995567083097623,0.00408171203157879
"1756",0,0,0
"1757",0,0,0.00139939438301686
"1758",0,0,0
"1759",0,0,0
"1760",0,0,0
"1761",0,0,0.0016014448826002
"1762",0,0,0.00169633428001811
"1763",0.00416941383290325,0,0
"1764",0,0,0
"1765",0,0,0
"1766",0,0,0
"1767",0,0,0
"1768",0,0,0
"1769",0,0,0
"1770",0,0,0
"1771",0,0,0
"1772",0,0,0
"1773",0,0,0
"1774",0,0,0
"1775",0,0,0
"1776",0,0,0
"1777",0,0,0
"1778",0,0,0
"1779",0,0,0
"1780",0,0,0
"1781",0,0,0
"1782",0,0,0
"1783",0,0,0
"1784",0,0,0
"1785",0,0,0
"1786",0,0,0
"1787",0,0,0
"1788",0,0,0
"1789",0,0,0
"1790",0,0,0
"1791",0,0,0
"1792",0,0,0
"1793",0,0,0
"1794",0,0,0
"1795",0,0,0
"1796",0,0,0
"1797",0,0,0
"1798",0,0,0
"1799",0,NA,0
"1800",NA,NA,NA
