,RDN5.seq,T1 doc,T1 reads,C1doc,C1 reads,T2 doc,T2 reads,C2 doc,C2 reads,T3 doc,T3 reads,C3 doc,C3 reads
1,G,133,1083,764,10271,155,525,154,1460,303,2381,641,8608
2,G,65,1148,314,10585,56,581,55,1515,165,2546,239,8847
3,T,36,1184,152,10737,11,592,19,1534,76,2622,134,8981
4,T,114,1298,1045,11782,242,834,1111,2645,373,2995,459,9440
5,G,20,1318,209,11991,14,848,123,2768,67,3062,143,9583
6,C,29,1347,117,12108,3,851,54,2822,52,3114,128,9711
7,G,59,1406,283,12391,29,880,113,2935,121,3235,246,9957
8,G,221,1627,479,12870,98,978,201,3136,329,3564,432,10389
9,C,37,1664,185,13055,22,1000,23,3159,137,3701,146,10535
10,C,405,2069,878,13933,460,1460,429,3588,1377,5078,691,11226
11,A,144,2213,417,14350,118,1578,91,3679,404,5482,459,11685
12,T,641,2854,1251,15601,748,2326,696,4375,2289,7771,1249,12934
13,A,725,3579,1412,17013,977,3303,448,4823,1116,8887,1356,14290
14,T,66,3645,175,17188,106,3409,80,4903,90,8977,153,14443
15,C,8,3653,50,17238,9,3418,18,4921,20,8997,60,14503
16,T,69,3722,413,17651,88,3506,240,5161,400,9397,336,14839
17,A,4,3726,82,17733,13,3519,28,5189,36,9433,74,14913
18,C,8,3734,92,17825,6,3525,22,5211,41,9474,62,14975
19,C,13,3747,89,17914,5,3530,38,5249,102,9576,95,15070
20,A,26,3773,262,18176,33,3563,135,5384,48,9624,250,15320
21,G,38,3811,323,18499,18,3581,73,5457,93,9717,256,15576
22,A,54,3865,347,18846,63,3644,200,5657,93,9810,366,15942
23,A,75,3940,455,19301,79,3723,172,5829,119,9929,445,16387
24,A,15,3955,93,19394,29,3752,68,5897,55,9984,62,16449
25,G,8,3963,35,19429,8,3760,7,5904,69,10053,21,16470
26,C,6,3969,51,19480,13,3773,31,5935,170,10223,28,16498
27,A,20,3989,106,19586,21,3794,18,5953,57,10280,96,16594
28,C,5,3994,28,19614,1,3795,2,5955,17,10297,17,16611
29,C,6,4000,71,19685,4,3799,18,5973,23,10320,64,16675
30,G,6,3995,107,19779,4,3783,26,5990,22,10331,95,16750
31,T,10,4003,36,19810,8,3790,18,6005,2,10328,30,16774
32,T,9,4010,32,19842,5,3794,30,6035,14,10342,25,16799
33,T,1,4011,10,19852,1,3795,1,6036,4,10346,15,16814
34,C,15,4026,26,19878,7,3801,11,6047,46,10392,40,16854
35,C,1,4027,26,19903,5,3805,7,6054,17,10409,6,16860
36,C,0,4027,8,19904,1,3805,11,6064,4,10405,13,16867
37,G,2,4025,10,19861,0,3796,13,6069,11,10401,22,16855
38,T,25,4004,44,19714,15,3761,31,6046,44,10334,40,16707
39,C,3,3012,32,16496,8,2504,12,4944,22,7991,25,14141
40,C,5,2171,14,11330,0,1376,1,3180,0,5901,14,10143
41,G,38,1976,163,10176,28,1071,127,2744,105,5478,96,9255
42,A,648,2481,683,9975,383,1267,349,2714,1212,6338,467,9162
43,T,26,2500,219,10138,25,1285,49,2761,191,6509,119,9250
44,C,34,2534,214,10309,43,1325,66,2820,88,6590,123,9346
45,A,90,2623,451,10720,74,1397,185,2991,130,6706,311,9624
46,A,120,2739,555,11245,147,1538,280,3248,153,6842,438,10048
47,C,13,2725,103,11203,9,1520,38,3231,15,6796,78,10000
48,T,6,2712,57,11074,8,1501,15,3178,9,6706,31,9922
49,G,8,2654,123,10855,9,1416,27,3044,16,6504,73,9708
50,T,151,2673,952,10786,103,1362,199,2961,342,6396,839,9723
51,A,119,2732,859,11316,122,1418,179,3000,233,6514,762,10182
52,G,37,2739,208,11379,27,1426,77,3006,83,6490,150,10184
53,T,19,2724,128,11302,21,1403,36,2948,51,6428,116,10082
54,T,14,2705,80,11089,2,1385,21,2869,35,6346,150,10033
55,A,19,2692,212,11066,21,1385,53,2856,32,6283,209,10075
56,A,16,2703,76,11066,10,1390,14,2834,18,6269,83,10088
57,G,6,2709,37,11085,14,1403,19,2844,13,6277,37,10112
58,C,3,2703,6,11028,5,1406,2,2805,3,6259,8,10054
59,T,11,2692,66,10877,0,1384,5,2720,8,6179,98,9940
60,G,17,2681,121,10841,5,1370,19,2681,17,6115,112,9897
61,G,15,2638,137,10771,5,1340,44,2624,87,6094,87,9789
62,T,10,2602,53,10563,5,1323,26,2576,40,6015,41,9546
63,A,15,2590,114,10497,13,1327,108,2638,34,5964,97,9433
64,A,1,2586,44,10506,3,1325,18,2640,8,5959,22,9409
65,G,2,2587,29,10531,2,1327,6,2645,7,5963,17,9421
66,A,7,2593,51,10581,5,1332,6,2651,17,5980,38,9457
67,G,0,2593,6,10586,1,1333,1,2652,2,5981,2,9459
68,C,4,2596,43,10612,7,1339,20,2670,31,5999,34,9469
69,C,5,2546,22,10337,1,1283,3,2529,7,5777,13,9241
70,T,3,2500,15,10143,1,1247,2,2420,2,5593,7,9042
71,G,32,2521,86,10193,20,1251,29,2419,51,5611,37,9051
72,A,60,2565,241,10383,46,1274,102,2498,180,5719,159,9157
73,C,1,2554,22,10330,1,1246,4,2464,12,5625,28,9115
74,C,9,2542,63,10267,2,1231,18,2439,18,5533,55,9049
75,G,47,2516,645,10649,43,1223,176,2516,127,5399,463,9223
76,A,42,2526,245,10788,60,1257,214,2661,144,5409,202,9298
77,G,44,2562,450,11164,56,1296,178,2796,680,6010,223,9459
78,T,10,2560,102,11164,4,1287,21,2786,156,6091,93,9484
79,A,8,2557,219,11307,9,1286,39,2786,23,6063,197,9630
80,G,3,2551,83,11320,2,1276,20,2788,10,6030,34,9605
81,T,1,2546,35,11325,0,1265,26,2776,1,6004,23,9573
82,G,7,2538,114,11313,15,1261,78,2799,64,6040,71,9549
83,T,8,2527,54,11195,13,1245,19,2740,98,6091,66,9523
84,A,6,2521,65,11195,9,1234,19,2705,11,6085,40,9522
85,G,1,2511,0,11147,2,1218,5,2683,1,6059,4,9486
86,T,3,2398,54,10785,4,1116,2,2559,5,5877,27,9243
87,G,1,2323,15,10398,1,1031,0,2428,4,5726,27,8980
88,G,10,2296,5,10259,7,1007,2,2369,15,5674,19,8908
89,G,0,2079,7,9331,1,813,0,1995,2,5307,3,8220
90,T,0,1719,1,8050,0,497,0,1597,1,4701,0,7219
91,G,5,1612,1,7643,5,417,3,1459,12,4537,5,6923
92,A,2,1594,0,7424,0,398,0,1404,4,4499,6,6812
93,C,0,1573,1,7276,0,394,0,1354,1,4460,2,6712
94,C,0,1571,0,7260,0,393,0,1353,2,4456,0,6703
95,A,0,1561,0,7223,0,383,0,1318,0,4430,0,6654
96,T,0,1556,0,7211,0,380,0,1311,0,4417,0,6620
97,A,0,1552,0,7202,0,378,0,1305,0,4413,0,6614
98,C,0,1546,0,7153,0,374,0,1286,0,4406,0,6578
99,G,0,1546,0,7143,0,374,0,1281,0,4403,0,6572
100,C,0,1534,0,7079,0,370,0,1238,0,4386,0,6535
101,G,0,1526,0,7008,0,369,0,1192,0,4374,0,6483
102,A,0,1513,0,6941,0,366,0,1170,0,4348,0,6453
103,A,0,1508,0,6911,0,363,0,1142,0,4321,0,6422
104,A,0,1503,0,6902,0,363,0,1137,0,4315,0,6415
105,C,0,1501,0,6901,0,363,0,1134,0,4307,0,6414
106,T,0,1499,0,6900,0,363,0,1132,0,4302,0,6411
107,C,0,1495,0,6891,0,363,0,1127,0,4290,0,6398
108,A,0,1490,0,6872,0,359,0,1120,0,4260,0,6331
109,G,0,1483,0,6843,0,354,0,1109,0,4226,0,6299
110,G,0,1463,0,6777,0,347,0,1091,0,4147,0,6185
111,T,0,1450,0,6674,0,341,0,1066,0,4068,0,5993
112,G,0,1434,0,6570,0,330,0,1014,0,4004,0,5869
113,C,0,1327,0,5756,0,274,0,780,0,3717,0,5193
114,T,0,1276,0,5444,0,248,0,696,0,3545,0,4957
115,G,0,1250,0,5277,0,228,0,666,0,3423,0,4858
116,C,0,1220,0,5076,0,202,0,591,0,3295,0,4671
117,A,0,1154,0,4423,0,156,0,418,0,2928,0,4329
118,A,0,1019,0,4007,0,110,0,257,0,2483,0,3874
119,T,0,956,0,3751,0,91,0,193,0,2259,0,3638
120,C,0,733,0,3063,0,0,0,31,0,1645,0,2852
121,T,0,0,0,0,0,0,0,0,0,0,0,0